onset	duration	sample	value
0.0000000000	n/a	0	boundary
6.7500000000	n/a	3375	S  1
8.8140000000	n/a	4407	S  2
11.9160000000	n/a	5958	S  3
16.1040000000	n/a	8052	S  7
19.1880000000	n/a	9594	S  8
20.2720000000	n/a	10136	S  9
24.3400000000	n/a	12170	S 10
27.5080000000	n/a	13754	S  2
30.5840000000	n/a	15292	S  5
34.7720000000	n/a	17386	S  7
37.8540000000	n/a	18927	S  8
38.9400000000	n/a	19470	S  9
43.0080000000	n/a	21504	S 10
46.2100000000	n/a	23105	S  2
49.2840000000	n/a	24642	S  6
53.5900000000	n/a	26795	S  7
56.6560000000	n/a	28328	S  8
57.7420000000	n/a	28871	S  9
61.8100000000	n/a	30905	S 10
65.8220000000	n/a	32911	S  2
68.8880000000	n/a	34444	S  3
73.1920000000	n/a	36596	S  7
76.2760000000	n/a	38138	S  8
77.3620000000	n/a	38681	S  9
81.4300000000	n/a	40715	S 10
85.4560000000	n/a	42728	S  2
88.5320000000	n/a	44266	S  3
92.6960000000	n/a	46348	S  7
95.7780000000	n/a	47889	S  8
96.8640000000	n/a	48432	S  9
100.9320000000	n/a	50466	S 10
104.5780000000	n/a	52289	S  2
107.6400000000	n/a	53820	S  3
112.0640000000	n/a	56032	S  7
115.1460000000	n/a	57573	S  8
116.2340000000	n/a	58117	S  9
120.3000000000	n/a	60150	S 10
123.4320000000	n/a	61716	S  2
126.4920000000	n/a	63246	S  3
130.9160000000	n/a	65458	S  7
133.9980000000	n/a	66999	S  8
135.0840000000	n/a	67542	S  9
139.1520000000	n/a	69576	S 10
142.4580000000	n/a	71229	S  2
145.5280000000	n/a	72764	S  6
149.6680000000	n/a	74834	S  7
152.7500000000	n/a	76375	S  8
153.8360000000	n/a	76918	S  9
157.9040000000	n/a	78952	S 10
161.3280000000	n/a	80664	S  2
164.3980000000	n/a	82199	S  4
168.6540000000	n/a	84327	S  7
171.7360000000	n/a	85868	S  8
172.8220000000	n/a	86411	S  9
176.8900000000	n/a	88445	S 10
180.7820000000	n/a	90391	S  2
183.8500000000	n/a	91925	S  4
188.3560000000	n/a	94178	S  7
191.4380000000	n/a	95719	S  8
192.5260000000	n/a	96263	S  9
196.5920000000	n/a	98296	S 10
199.6780000000	n/a	99839	S  2
202.7500000000	n/a	101375	S  6
207.0420000000	n/a	103521	S  7
210.1240000000	n/a	105062	S  8
211.2100000000	n/a	105605	S  9
215.2780000000	n/a	107639	S 10
218.3920000000	n/a	109196	S  2
221.4520000000	n/a	110726	S  5
225.6100000000	n/a	112805	S  7
228.6920000000	n/a	114346	S  8
229.7780000000	n/a	114889	S  9
233.8460000000	n/a	116923	S 10
237.0860000000	n/a	118543	S  2
240.1540000000	n/a	120077	S  6
244.2940000000	n/a	122147	S  7
247.3780000000	n/a	123689	S  8
248.4640000000	n/a	124232	S  9
252.5320000000	n/a	126266	S 10
256.2520000000	n/a	128126	S  2
259.3220000000	n/a	129661	S  4
263.7480000000	n/a	131874	S  7
266.8300000000	n/a	133415	S  8
267.9160000000	n/a	133958	S  9
271.9840000000	n/a	135992	S 10
275.7860000000	n/a	137893	S  2
278.8580000000	n/a	139429	S  5
283.3000000000	n/a	141650	S  7
286.3820000000	n/a	143191	S  8
287.4660000000	n/a	143733	S  9
291.5360000000	n/a	145768	S 10
295.2540000000	n/a	147627	S  2
298.3280000000	n/a	149164	S  4
302.5860000000	n/a	151293	S  7
305.6680000000	n/a	152834	S  8
306.7540000000	n/a	153377	S  9
310.8220000000	n/a	155411	S 10
314.3440000000	n/a	157172	S  2
317.4140000000	n/a	158707	S  6
321.8380000000	n/a	160919	S  7
324.9200000000	n/a	162460	S  8
326.0060000000	n/a	163003	S  9
330.0740000000	n/a	165037	S 10
333.6920000000	n/a	166846	S  2
336.7660000000	n/a	168383	S  6
341.8740000000	n/a	170937	S  7
344.9560000000	n/a	172478	S  8
346.0440000000	n/a	173022	S  9
350.1120000000	n/a	175056	S 10
353.4780000000	n/a	176739	S  2
356.5520000000	n/a	178276	S  5
360.8600000000	n/a	180430	S  7
363.9420000000	n/a	181971	S  8
365.0280000000	n/a	182514	S  9
369.0960000000	n/a	184548	S 10
372.9120000000	n/a	186456	S  2
375.9720000000	n/a	187986	S  3
380.1460000000	n/a	190073	S  7
383.2280000000	n/a	191614	S  8
384.3140000000	n/a	192157	S  9
388.3820000000	n/a	194191	S 10
391.6420000000	n/a	195821	S  2
394.7060000000	n/a	197353	S  4
398.9300000000	n/a	199465	S  7
402.0140000000	n/a	201007	S  8
403.1000000000	n/a	201550	S  9
407.1680000000	n/a	203584	S 10
410.9240000000	n/a	205462	S  2
413.9920000000	n/a	206996	S  3
418.1160000000	n/a	209058	S  7
421.1980000000	n/a	210599	S  8
422.2860000000	n/a	211143	S  9
426.3520000000	n/a	213176	S 10
429.6060000000	n/a	214803	S  2
432.6780000000	n/a	216339	S  6
436.9520000000	n/a	218476	S  7
440.0340000000	n/a	220017	S  8
441.1200000000	n/a	220560	S  9
445.1880000000	n/a	222594	S 10
448.6280000000	n/a	224314	S  2
451.6960000000	n/a	225848	S  6
455.9200000000	n/a	227960	S  7
459.0020000000	n/a	229501	S  8
460.0900000000	n/a	230045	S  9
464.1560000000	n/a	232078	S 10
467.8540000000	n/a	233927	S  2
470.9160000000	n/a	235458	S  3
475.1560000000	n/a	237578	S  7
478.2380000000	n/a	239119	S  8
479.3240000000	n/a	239662	S  9
483.3920000000	n/a	241696	S 10
487.2440000000	n/a	243622	S  2
490.3180000000	n/a	245159	S  6
494.4580000000	n/a	247229	S  7
497.5400000000	n/a	248770	S  8
498.6260000000	n/a	249313	S  9
502.6940000000	n/a	251347	S 10
505.8460000000	n/a	252923	S  2
508.9200000000	n/a	254460	S  3
513.2780000000	n/a	256639	S  7
516.3600000000	n/a	258180	S  8
517.4460000000	n/a	258723	S  9
521.5140000000	n/a	260757	S 10
525.5140000000	n/a	262757	S  2
528.5960000000	n/a	264298	S  6
532.7800000000	n/a	266390	S  7
535.8440000000	n/a	267922	S  8
536.9320000000	n/a	268466	S  9
541.0000000000	n/a	270500	S 10
544.8460000000	n/a	272423	S  2
547.9080000000	n/a	273954	S  5
552.0480000000	n/a	276024	S  7
555.1300000000	n/a	277565	S  8
556.2180000000	n/a	278109	S  9
560.2860000000	n/a	280143	S 10
563.8420000000	n/a	281921	S  2
566.9100000000	n/a	283455	S  5
571.0500000000	n/a	285525	S  7
574.1340000000	n/a	287067	S  8
575.2200000000	n/a	287610	S  9
579.2880000000	n/a	289644	S 10
582.7940000000	n/a	291397	S  2
585.8620000000	n/a	292931	S  4
590.0540000000	n/a	295027	S  7
593.1360000000	n/a	296568	S  8
594.2220000000	n/a	297111	S  9
598.2900000000	n/a	299145	S 10
601.8060000000	n/a	300903	S  2
604.8800000000	n/a	302440	S  5
609.0720000000	n/a	304536	S  7
612.1540000000	n/a	306077	S  8
613.2400000000	n/a	306620	S  9
617.3080000000	n/a	308654	S 10
620.6860000000	n/a	310343	S  2
623.7500000000	n/a	311875	S  4
627.9060000000	n/a	313953	S  7
630.9880000000	n/a	315494	S  8
632.0760000000	n/a	316038	S  9
636.1440000000	n/a	318072	S 10
639.7220000000	n/a	319861	S  2
642.7840000000	n/a	321392	S  4
647.4260000000	n/a	323713	S  7
650.5080000000	n/a	325254	S  8
651.5940000000	n/a	325797	S  9
655.6620000000	n/a	327831	S 10
659.2440000000	n/a	329622	S  2
662.3040000000	n/a	331152	S  5
666.4620000000	n/a	333231	S  7
669.5440000000	n/a	334772	S  8
670.6300000000	n/a	335315	S  9
674.6980000000	n/a	337349	S 10
678.5860000000	n/a	339293	S  2
681.6560000000	n/a	340828	S  4
685.9300000000	n/a	342965	S  7
689.0120000000	n/a	344506	S  8
690.1000000000	n/a	345050	S  9
694.1680000000	n/a	347084	S 10
698.0320000000	n/a	349016	S  2
701.0920000000	n/a	350546	S  5
705.2820000000	n/a	352641	S  7
708.3660000000	n/a	354183	S  8
709.4520000000	n/a	354726	S  9
713.5200000000	n/a	356760	S 10
717.2340000000	n/a	358617	S  2
720.2940000000	n/a	360147	S  4
724.4360000000	n/a	362218	S  7
727.5180000000	n/a	363759	S  8
728.6040000000	n/a	364302	S  9
732.6720000000	n/a	366336	S 10
736.1200000000	n/a	368060	S  2
739.1960000000	n/a	369598	S  3
743.4380000000	n/a	371719	S  7
746.5020000000	n/a	373251	S  8
747.5900000000	n/a	373795	S  9
751.6560000000	n/a	375828	S 10
755.5400000000	n/a	377770	S  2
758.5980000000	n/a	379299	S  5
763.1060000000	n/a	381553	S  7
766.1900000000	n/a	383095	S  8
767.2760000000	n/a	383638	S  9
771.3440000000	n/a	385672	S 10
774.9480000000	n/a	387474	condition 12
